Date,AMD,NVDA,INTC
2014-12-31,2.6700000762939453,19.34389877319336,31.738183975219727
2015-01-02,2.6700000762939453,19.421079635620117,31.79939842224121
2015-01-05,2.6600000858306885,19.093055725097656,31.44082260131836
2015-01-06,2.630000114440918,18.514183044433594,30.854856491088867
2015-01-07,2.5799999237060547,18.465944290161133,31.502042770385742
2015-01-08,2.609999895095825,19.160581588745117,32.08800506591797
2015-01-09,2.630000114440918,19.237775802612305,32.14922332763672
2015-01-12,2.630000114440918,18.99657440185547,32.00929260253906
2015-01-13,2.6600000858306885,18.96763038635254,31.921836853027344
2015-01-14,2.630000114440918,19.04481315612793,31.790653228759766
2015-01-15,2.5199999809265137,18.90974998474121,31.650711059570312
2015-01-16,2.390000104904175,19.25706672668457,31.87811279296875
2015-01-20,2.240000009536743,19.3149471282959,31.56325912475586
2015-01-21,2.450000047683716,19.5850887298584,31.904346466064453
2015-01-22,2.4700000286102295,19.922761917114258,32.28041076660156
2015-01-23,2.450000047683716,19.980653762817383,31.87811279296875
2015-01-26,2.609999895095825,19.893821716308594,31.318384170532227
2015-01-27,2.700000047683716,18.93868637084961,29.90157699584961
2015-01-28,2.630000114440918,18.62995719909668,29.542999267578125
2015-01-29,2.609999895095825,19.083406448364258,29.9190731048584
2015-01-30,2.569999933242798,18.523832321166992,28.89582061767578
2015-02-02,2.6700000762939453,18.92904281616211,29.4293155670166
2015-02-03,2.759999990463257,19.401782989501953,29.473039627075195
2015-02-04,2.8499999046325684,19.450023651123047,29.596355438232422
2015-02-05,3.309999942779541,19.768400192260742,29.89583969116211
2015-02-06,3.0299999713897705,19.681568145751953,29.332103729248047
2015-02-09,3.0399999618530273,19.662275314331055,29.006193161010742
2015-02-10,3.0399999618530273,20.212202072143555,29.684436798095703
2015-02-11,3.069999933242798,20.077133178710938,29.55232048034668
2015-02-12,3.119999885559082,21.514659881591797,30.063209533691406
2015-02-13,3.1500000953674316,21.524301528930664,30.26580047607422
2015-02-17,3.109999895095825,21.591840744018555,30.600521087646484
2015-02-18,3.0799999237060547,21.34099578857422,30.186519622802734
2015-02-19,3.059999942779541,21.398883819580078,30.13367462158203
2015-02-20,3.059999942779541,21.553251266479492,30.309837341308594
2015-02-23,3.059999942779541,21.379587173461914,29.737293243408203
2015-02-24,3.109999895095825,21.6071834564209,30.309837341308594
2015-02-25,3.0999999046325684,21.44253921508789,29.904653549194336
2015-02-26,3.0799999237060547,21.500654220581055,29.640409469604492
2015-02-27,3.109999895095825,21.365062713623047,29.288066864013672
2015-03-02,3.2100000381469727,21.88804817199707,30.00155258178711
2015-03-03,3.140000104904175,21.481281280517578,30.036781311035156
2015-03-04,3.049999952316284,21.72340202331543,30.05439567565918
2015-03-05,2.9800000190734863,22.139854431152344,29.710861206054688
2015-03-06,2.9200000762939453,21.839628219604492,29.235210418701172
2015-03-09,2.930000066757202,21.897735595703125,28.82121467590332
2015-03-10,2.9200000762939453,22.27545166015625,27.922754287719727
2015-03-11,2.8399999141693115,22.159225463867188,28.477689743041992
2015-03-12,2.759999990463257,21.955846786499023,27.129993438720703
2015-03-13,2.75,21.984899520874023,27.2445068359375
2015-03-16,2.759999990463257,22.246389389038086,27.156421661376953
2015-03-17,2.7699999809265137,22.517574310302734,26.94501495361328
2015-03-18,2.75,22.14954376220703,27.209264755249023
2015-03-19,2.740000009536743,22.488515853881836,27.07714080810547
2015-03-20,2.799999952316284,22.73064422607422,27.5792293548584
2015-03-23,2.8399999141693115,21.99458122253418,27.48233413696289
2015-03-24,2.7899999618530273,21.69434928894043,27.121183395385742
2015-03-25,2.630000114440918,20.377193450927734,26.32842445373535
2015-03-26,2.6500000953674316,20.30939483642578,26.495784759521484
2015-03-27,2.7200000286102295,20.706483840942383,28.18701171875
2015-03-30,2.700000047683716,20.79364585876465,27.711347579956055
2015-03-31,2.680000066757202,20.27066421508789,27.543989181518555
2015-04-01,2.690000057220459,20.348140716552734,27.1387996673584
2015-04-02,2.690000057220459,20.396564483642578,27.1387996673584
2015-04-06,2.700000047683716,20.987350463867188,27.341398239135742
2015-04-07,2.700000047683716,21.171358108520508,27.535184860229492
2015-04-08,2.7100000381469727,21.326324462890625,27.5792293548584
2015-04-09,2.7200000286102295,21.820255279541016,27.517566680908203
2015-04-10,2.759999990463257,22.043006896972656,28.125350952148438
2015-04-13,2.7799999713897705,21.839628219604492,27.949176788330078
2015-04-14,2.6700000762939453,21.655609130859375,27.737775802612305
2015-04-15,2.700000047683716,21.917104721069336,28.918109893798828
2015-04-16,2.869999885559082,21.78151512145996,28.953336715698242
2015-04-17,2.5799999237060547,21.500654220581055,28.60100746154785
2015-04-20,2.490000009536743,21.394115447998047,28.830026626586914
2015-04-21,2.3499999046325684,21.365062713623047,28.565767288208008
2015-04-22,2.2799999713897705,21.6071834564209,28.80359649658203
2015-04-23,2.3299999237060547,21.52001953125,28.495304107666016
2015-04-24,2.299999952316284,21.336008071899414,28.257478713989258
2015-04-27,2.3399999141693115,21.500654220581055,28.62742805480957
2015-04-28,2.309999942779541,21.6071834564209,29.08547019958496
2015-04-29,2.2799999713897705,21.44253921508789,28.970956802368164
2015-04-30,2.259999990463257,21.500654220581055,28.67146873474121
2015-05-01,2.309999942779541,22.0333194732666,29.437807083129883
2015-05-04,2.309999942779541,21.897735595703125,29.446617126464844
2015-05-05,2.2799999713897705,21.336008071899414,28.95864486694336
2015-05-06,2.2899999618530273,21.403804779052734,28.586017608642578
2015-05-07,2.319999933242798,21.78151512145996,28.603763580322266
2015-05-08,2.309999942779541,20.17380714416504,29.100603103637695
2015-05-11,2.319999933242798,19.980104446411133,29.003007888793945
2015-05-12,2.3499999046325684,20.17380714416504,28.61263656616211
2015-05-13,2.369999885559082,20.290029525756836,28.95864486694336
2015-05-14,2.3299999237060547,20.61931610107422,29.251426696777344
2015-05-15,2.319999933242798,20.62900161743164,29.26917266845703
2015-05-18,2.3499999046325684,20.599950790405273,29.64179801940918
2015-05-19,2.2799999713897705,20.471515655517578,29.4111270904541
2015-05-20,2.319999933242798,20.471515655517578,29.606313705444336
2015-05-21,2.2799999713897705,20.325565338134766,29.766016006469727
2015-05-22,2.2799999713897705,20.296377182006836,29.677291870117188
2015-05-26,2.2200000286102295,20.169891357421875,29.366764068603516
2015-05-27,2.2799999713897705,21.24989891052246,29.90796661376953
2015-05-28,2.2699999809265137,21.541790008544922,30.174121856689453
2015-05-29,2.2799999713897705,21.532060623168945,30.573375701904297
2015-06-01,2.25,21.775304794311523,30.085411071777344
2015-06-02,2.299999952316284,21.347198486328125,29.51759147644043
2015-06-03,2.2799999713897705,21.11368179321289,29.03849983215332
2015-06-04,2.3299999237060547,21.49314308166504,28.665868759155273
2015-06-05,2.3299999237060547,21.658552169799805,28.24888038635254
2015-06-08,2.309999942779541,21.162334442138672,27.76978302001953
2015-06-09,2.2899999618530273,21.269357681274414,27.72542381286621
2015-06-10,2.319999933242798,20.889892578125,28.231128692626953
2015-06-11,2.319999933242798,21.11368179321289,28.25775146484375
2015-06-12,2.309999942779541,20.53962516784668,27.787527084350586
2015-06-15,2.319999933242798,20.500701904296875,27.84963035583496
2015-06-16,2.3499999046325684,20.753679275512695,28.071430206298828
2015-06-17,2.4700000286102295,20.99692153930664,28.346473693847656
2015-06-18,2.5199999809265137,21.347198486328125,28.727968215942383
2015-06-19,2.5799999237060547,21.279090881347656,28.45293426513672
2015-06-22,2.619999885559082,21.19152069091797,28.62150764465332
2015-06-23,2.609999895095825,20.646652221679688,28.47067642211914
2015-06-24,2.619999885559082,20.442323684692383,28.310983657836914
2015-06-25,2.5799999237060547,20.598005294799805,28.381959915161133
2015-06-26,2.4700000286102295,20.17962074279785,27.521358489990234
2015-06-29,2.3399999141693115,19.576370239257812,26.962417602539062
2015-06-30,2.4000000953674316,19.56664276123047,26.989032745361328
2015-07-01,2.4200000762939453,19.848806381225586,26.776098251342773
2015-07-02,2.5299999713897705,19.868268966674805,27.113243103027344
2015-07-06,2.4700000286102295,19.625022888183594,26.65188980102539
2015-07-07,2.0899999141693115,19.255290985107422,26.52768325805664
2015-07-08,2.009999990463257,19.11907196044922,26.172794342041016
2015-07-09,1.9800000190734863,18.885555267333984,25.66708755493164
2015-07-10,1.9600000381469727,19.216371536254883,25.88001823425293
2015-07-13,1.9600000381469727,19.34285545349121,26.37685203552246
2015-07-14,2.049999952316284,19.352584838867188,26.305877685546875
2015-07-15,1.9600000381469727,19.216371536254883,26.341365814208984
2015-07-16,1.8700000047683716,19.644479751586914,26.52768325805664
2015-07-17,1.7899999618530273,19.527721405029297,26.146177291870117
2015-07-20,1.7999999523162842,19.167724609375,25.81791114807129
2015-07-21,1.7999999523162842,19.255290985107422,25.48076820373535
2015-07-22,1.7899999618530273,18.885555267333984,25.383182525634766
2015-07-23,1.7599999904632568,19.11907196044922,25.37430763244629
2015-07-24,1.6699999570846558,18.895286560058594,24.89521026611328
2015-07-27,1.6200000047683716,18.788257598876953,25.152503967285156
2015-07-28,1.7699999809265137,19.19690704345703,25.693700790405273
2015-07-29,1.9600000381469727,19.430423736572266,25.73806381225586
2015-07-30,1.9299999475479126,19.479076385498047,25.64933967590332
2015-07-31,1.9299999475479126,19.410966873168945,25.68482780456543
2015-08-03,2.200000047683716,19.741779327392578,25.773548126220703
2015-08-04,2.130000114440918,19.81962013244629,25.844528198242188
2015-08-05,2.1600000858306885,20.023941040039062,26.050283432006836
2015-08-06,2.109999895095825,19.8974552154541,25.95187759399414
2015-08-07,2.0899999141693115,22.359102249145508,25.835580825805664
2015-08-10,1.9299999475479126,23.137483596801758,26.515466690063477
2015-08-11,1.899999976158142,23.020721435546875,25.916091918945312
2015-08-12,1.899999976158142,23.079099655151367,26.354442596435547
2015-08-13,1.7899999618530273,22.884506225585938,25.826635360717773
2015-08-14,1.840000033378601,22.903966903686523,25.96082305908203
2015-08-17,1.7999999523162842,22.75802230834961,26.014495849609375
2015-08-18,1.7999999523162842,22.550880432128906,25.86241912841797
2015-08-19,1.7999999523162842,22.462940216064453,25.370397567749023
2015-08-20,1.7000000476837158,21.651973724365234,24.627893447875977
2015-08-21,1.7799999713897705,20.9777889251709,23.76014518737793
2015-08-24,1.75,20.235212326049805,23.482824325561523
2015-08-25,1.659999966621399,19.8150691986084,23.142885208129883
2015-08-26,1.7200000286102295,21.309988021850586,24.422136306762695
2015-08-27,1.7799999713897705,22.111196517944336,24.797863006591797
2015-08-28,1.850000023841858,22.208906173706055,25.424072265625
2015-08-31,1.809999942779541,21.964635848999023,25.531423568725586
2015-09-01,1.7100000381469727,21.06572723388672,24.88732147216797
2015-09-02,1.7699999809265137,21.700824737548828,25.58509635925293
2015-09-03,1.7899999618530273,21.759450912475586,26.014495849609375
2015-09-04,1.8200000524520874,21.251375198364258,25.513534545898438
2015-09-08,1.8799999952316284,22.160053253173828,26.390222549438477
2015-09-09,1.850000023841858,21.720365524291992,26.157629013061523
2015-09-10,1.840000033378601,22.062339782714844,26.184471130371094
2015-09-11,2.009999990463257,22.1307373046875,26.36338233947754
2015-09-14,1.8200000524520874,22.16982078552246,26.291820526123047
2015-09-15,1.8600000143051147,22.414093017578125,26.595975875854492
2015-09-16,1.8899999856948853,22.570419311523438,26.631763458251953
2015-09-17,1.8899999856948853,22.775604248046875,26.578086853027344
2015-09-18,1.8700000047683716,22.756059646606445,25.96082305908203
2015-09-21,1.809999942779541,22.990564346313477,26.086069107055664
2015-09-22,1.7300000190734863,22.365236282348633,25.647716522216797
2015-09-23,1.7000000476837158,22.472715377807617,25.710342407226562
2015-09-24,1.7200000286102295,22.902626037597656,25.477746963500977
2015-09-25,1.7100000381469727,23.0687255859375,25.772960662841797
2015-09-28,1.659999966621399,22.76583480834961,25.728233337402344
2015-09-29,1.6699999570846558,23.166433334350586,26.157629013061523
2015-09-30,1.7200000286102295,24.084888458251953,26.962753295898438
2015-10-01,1.7400000095367432,23.615894317626953,26.83751678466797
2015-10-02,1.8300000429153442,24.231447219848633,27.293752670288086
2015-10-05,1.7999999523162842,24.837236404418945,27.919960021972656
2015-10-06,1.8300000429153442,25.159666061401367,28.39409065246582
2015-10-07,1.8600000143051147,25.423479080200195,28.912948608398438
2015-10-08,1.9299999475479126,25.570037841796875,29.09187126159668
2015-10-09,1.9600000381469727,25.47233009338379,28.751924514770508
2015-10-12,1.8700000047683716,25.745914459228516,28.814546585083008
2015-10-13,1.9199999570846558,25.794767379760742,28.66246795654297
2015-10-14,1.9500000476837158,26.73276138305664,29.34235191345215
2015-10-15,1.9700000286102295,26.801156997680664,29.297622680664062
2015-10-16,1.940000057220459,27.221298217773438,29.557050704956055
2015-10-19,2.009999990463257,27.172443389892578,30.0490779876709
2015-10-20,2.0199999809265137,27.13335609436035,29.914884567260742
2015-10-21,2.0999999046325684,26.781612396240234,29.852262496948242
2015-10-22,2.140000104904175,27.748918533325195,30.773683547973633
2015-10-23,2.2100000381469727,27.934560775756836,31.220972061157227
2015-10-26,2.1500000953674316,27.807538986206055,30.943662643432617
2015-10-27,2.1500000953674316,27.788000106811523,30.836313247680664
2015-10-28,2.180000066757202,28.012725830078125,31.051000595092773
2015-10-29,2.130000114440918,27.045421600341797,30.442676544189453
2015-10-30,2.119999885559082,27.719602584838867,30.29061508178711
2015-11-02,2.190000057220459,28.042043685913086,30.514257431030273
2015-11-03,2.2799999713897705,27.846622467041016,30.693178176879883
2015-11-04,2.200000047683716,27.387401580810547,30.76524543762207
2015-11-05,2.200000047683716,27.074735641479492,30.630107879638672
2015-11-06,2.1500000953674316,30.826704025268555,30.485965728759766
2015-11-09,2.109999895095825,30.689910888671875,30.04453468322754
2015-11-10,2.0199999809265137,30.103666305541992,29.918407440185547
2015-11-11,2.069999933242798,29.810546875,29.60310173034668
2015-11-12,2.0,29.70306396484375,29.18869400024414
2015-11-13,1.9900000095367432,29.1168155670166,28.927438735961914
2015-11-16,1.9900000095367432,29.70306396484375,28.918426513671875
2015-11-17,1.9800000190734863,29.70306396484375,29.404905319213867
2015-11-18,2.119999885559082,30.43375015258789,29.87336540222168
2015-11-19,2.140000104904175,30.522018432617188,30.900367736816406
2015-11-20,2.2200000286102295,30.78683090209961,31.22469711303711
2015-11-23,2.2200000286102295,30.325864791870117,31.062536239624023
2015-11-24,2.3399999141693115,30.571062088012695,30.954429626464844
2015-11-25,2.380000114440918,30.531827926635742,31.035511016845703
2015-11-27,2.3299999237060547,30.78683090209961,31.04451560974121
2015-11-30,2.359999895095825,31.110490798950195,31.323789596557617
2015-12-01,2.3399999141693115,32.120697021484375,31.61207389831543
2015-12-02,2.2699999809265137,31.875505447387695,31.377845764160156
2015-12-03,2.2300000190734863,31.806842803955078,30.66614532470703
2015-12-04,2.2799999713897705,33.10148620605469,31.47694206237793
2015-12-07,2.359999895095825,32.47378158569336,31.521987915039062
2015-12-08,2.390000104904175,32.915130615234375,31.30577278137207
2015-12-09,2.3499999046325684,32.08147430419922,31.35982322692871
2015-12-10,2.450000047683716,32.34627914428711,31.323789596557617
2015-12-11,2.359999895095825,31.865697860717773,30.87334442138672
2015-12-14,2.3399999141693115,31.944154739379883,31.053531646728516
2015-12-15,2.359999895095825,32.33647537231445,31.693157196044922
2015-12-16,2.5399999618530273,32.532623291015625,31.801258087158203
2015-12-17,2.559999942779541,32.042236328125,31.449914932250977
2015-12-18,2.450000047683716,31.52242088317871,30.512996673583984
2015-12-21,2.5299999713897705,32.267822265625,30.846323013305664
2015-12-22,2.7699999809265137,32.2972412109375,31.287757873535156
2015-12-23,2.8299999237060547,32.42474365234375,31.530996322631836
2015-12-24,2.9200000762939453,32.532623291015625,31.512975692749023
2015-12-28,3.0,32.503204345703125,31.467931747436523
2015-12-29,3.0,33.03282928466797,31.92738151550293
2015-12-30,2.9800000190734863,32.748409271240234,31.521987915039062
2015-12-31,2.869999885559082,32.32666015625,31.035511016845703
2016-01-04,2.7699999809265137,31.748003005981445,30.621105194091797
2016-01-05,2.75,32.25800323486328,30.47695541381836
2016-01-06,2.509999990463257,30.92414093017578,29.80129623413086
2016-01-07,2.2799999713897705,29.698162078857422,28.684194564819336
2016-01-08,2.140000104904175,29.060651779174805,28.386905670166016
2016-01-11,2.3399999141693115,29.109691619873047,28.882394790649414
2016-01-12,2.390000104904175,29.60008430480957,29.440940856933594
2016-01-13,2.25,28.69776153564453,28.74726104736328
2016-01-14,2.2100000381469727,28.119096755981445,29.4949893951416
2016-01-15,2.0299999713897705,26.589075088500977,26.81035614013672
2016-01-19,1.9500000476837158,26.80484390258789,26.84638786315918
2016-01-20,1.7999999523162842,26.951963424682617,26.657207489013672
2016-01-21,2.0899999141693115,27.26581382751465,26.72026252746582
2016-01-22,2.0199999809265137,27.90332794189453,26.963504791259766
2016-01-25,2.119999885559082,27.873903274536133,26.666217803955078
2016-01-26,2.069999933242798,28.14852523803711,26.97251319885254
2016-01-27,2.130000114440918,27.815053939819336,26.855396270751953
2016-01-28,2.0799999237060547,27.511011123657227,26.999540328979492
2016-01-29,2.200000047683716,28.727184295654297,27.945470809936523
2016-02-01,2.140000104904175,28.736988067626953,27.765289306640625
2016-02-02,1.9900000095367432,27.52082061767578,26.84638786315918
2016-02-03,2.069999933242798,27.65812873840332,26.664627075195312
2016-02-04,2.0899999141693115,27.667936325073242,27.055418014526367
2016-02-05,1.9800000190734863,25.922142028808594,26.391983032226562
2016-02-08,1.9299999475479126,24.735389709472656,26.19204330444336
2016-02-09,1.899999976158142,25.000200271606445,26.182954788208008
2016-02-10,1.840000033378601,24.941354751586914,25.655839920043945
2016-02-11,1.8600000143051147,24.813852310180664,25.64675521850586
2016-02-12,1.8300000429153442,25.235586166381836,26.028453826904297
2016-02-16,1.8300000429153442,26.471376419067383,26.15569305419922
2016-02-17,1.899999976158142,27.128507614135742,26.78277015686035
2016-02-18,1.909999966621399,29.46277618408203,26.737335205078125
2016-02-19,1.909999966621399,29.855083465576172,26.092073440551758
2016-02-22,2.009999990463257,30.91433334350586,26.6737117767334
2016-02-23,1.9700000286102295,30.992794036865234,26.173866271972656
2016-02-24,2.0199999809265137,31.20856475830078,26.528305053710938
2016-02-25,2.0299999713897705,31.277225494384766,26.919097900390625
2016-02-26,2.069999933242798,31.071260452270508,27.082679748535156
2016-02-29,2.140000104904175,30.869468688964844,26.891830444335938
2016-03-01,2.180000066757202,32.23772048950195,27.6007080078125
2016-03-02,2.319999933242798,32.42475509643555,27.755205154418945
2016-03-03,2.4600000381469727,32.139286041259766,27.79155731201172
2016-03-04,2.369999885559082,32.040855407714844,27.836994171142578
2016-03-07,2.4700000286102295,31.834135055541992,28.118732452392578
2016-03-08,2.299999952316284,31.25336265563965,27.773380279541016
2016-03-09,2.259999990463257,31.233675003051758,28.055112838745117
2016-03-10,2.259999990463257,31.184463500976562,28.400461196899414
2016-03-11,2.5199999809265137,31.71601104736328,28.86395835876465
2016-03-14,2.7200000286102295,31.794761657714844,28.564048767089844
2016-03-15,2.490000009536743,31.637264251708984,28.763988494873047
2016-03-16,2.630000114440918,32.582244873046875,28.800338745117188
2016-03-17,2.799999952316284,32.30663299560547,29.06389808654785
2016-03-18,2.930000066757202,33.28114318847656,29.7000675201416
2016-03-21,2.799999952316284,33.379573822021484,29.391071319580078
2016-03-22,2.7899999618530273,33.32051467895508,29.372892379760742
2016-03-23,2.680000066757202,33.89144515991211,29.08207130432129
2016-03-24,2.7899999618530273,33.9406623840332,28.97301483154297
2016-03-28,2.7799999713897705,34.28519058227539,28.991191864013672
2016-03-29,2.859999895095825,34.836429595947266,29.42742347717285
2016-03-30,2.859999895095825,35.20063781738281,29.727327346801758
2016-03-31,2.8499999046325684,35.07266616821289,29.400163650512695
2016-04-01,2.8299999237060547,35.58454132080078,29.491044998168945
2016-04-04,2.8299999237060547,35.24000930786133,29.08207130432129
2016-04-05,2.759999990463257,35.1907958984375,28.991191864013672
2016-04-06,2.799999952316284,35.24000930786133,29.154781341552734
2016-04-07,2.640000104904175,34.87580871582031,28.673107147216797
2016-04-08,2.740000009536743,35.102203369140625,28.745813369750977
2016-04-11,2.759999990463257,35.31875991821289,28.782163619995117
2016-04-12,2.809999942779541,35.27939224243164,28.95484161376953
2016-04-13,2.799999952316284,36.16530990600586,29.200218200683594
2016-04-14,2.7200000286102295,36.26374816894531,28.900306701660156
2016-04-15,2.700000047683716,36.54920959472656,28.591312408447266
2016-04-18,2.759999990463257,36.39171600341797,28.763988494873047
2016-04-19,2.619999885559082,35.74203109741211,28.71854591369629
2016-04-20,2.700000047683716,35.879844665527344,29.08207130432129
2016-04-21,2.619999885559082,35.84046936035156,29.054805755615234
2016-04-22,3.990000009536743,35.70266342163086,28.754898071289062
2016-04-25,3.450000047683716,35.879844665527344,28.527694702148438
2016-04-26,3.6600000858306885,35.90937805175781,28.536785125732422
2016-04-27,3.7300000190734863,36.72639465332031,28.854875564575195
2016-04-28,3.609999895095825,35.63376235961914,28.27322769165039
2016-04-29,3.549999952316284,34.9742431640625,27.518911361694336
2016-05-02,3.740000009536743,35.4368896484375,27.818822860717773
2016-05-03,3.5999999046325684,35.01361846923828,27.591617584228516
2016-05-04,3.5999999046325684,34.216278076171875,27.362445831298828
2016-05-05,3.6600000858306885,34.423004150390625,27.40828514099121
2016-05-06,3.680000066757202,34.77737045288086,27.536617279052734
2016-05-09,3.6500000953674316,34.728153228759766,27.31661605834961
2016-05-10,3.640000104904175,35.39751052856445,27.628280639648438
2016-05-11,3.6500000953674316,35.49594497680664,27.554950714111328
2016-05-12,3.5899999141693115,35.01361846923828,27.279953002929688
2016-05-13,3.6700000762939453,40.338993072509766,27.417449951171875
2016-05-16,3.7899999618530273,41.530052185058594,27.857446670532227
2016-05-17,3.7899999618530273,41.618656158447266,27.48161506652832
2016-05-18,3.8399999141693115,42.6817626953125,27.49078369140625
2016-05-19,3.7699999809265137,42.86878967285156,27.160785675048828
2016-05-20,3.869999885559082,43.63658905029297,27.637447357177734
2016-05-23,4.039999961853027,43.70549392700195,27.710783004760742
2016-05-24,4.199999809265137,44.76642990112305,28.47161293029785
2016-05-25,4.179999828338623,44.57890319824219,28.774112701416016
2016-05-26,4.349999904632568,45.05262756347656,28.865779876708984
2016-05-27,4.599999904632568,45.299354553222656,28.939111709594727
2016-05-31,4.570000171661377,46.10862731933594,28.95744514465332
2016-06-01,4.429999828338623,46.19744873046875,29.02161407470703
2016-06-02,4.239999771118164,46.523136138916016,29.11328125
2016-06-03,4.159999847412109,45.87176513671875,28.98495101928711
2016-06-06,4.46999979019165,45.63491439819336,29.039945602416992
2016-06-07,4.510000228881836,45.723731994628906,29.22327995300293
2016-06-08,4.460000038146973,45.57569122314453,29.232444763183594
2016-06-09,4.519999980926514,46.75999450683594,29.278282165527344
2016-06-10,4.320000171661377,45.595436096191406,29.36994743347168
2016-06-13,4.400000095367432,46.17771911621094,29.489107131958008
2016-06-14,4.389999866485596,46.266536712646484,29.461610794067383
2016-06-15,4.420000076293945,46.74025344848633,28.975784301757812
2016-06-16,4.75,46.92776107788086,29.04911231994629
2016-06-17,5.260000228881836,46.10862731933594,29.11328125
2016-06-20,5.099999904632568,46.93764877319336,29.489107131958008
2016-06-21,5.449999809265137,46.65143585205078,29.626611709594727
2016-06-22,5.019999980926514,46.61195373535156,29.59911346435547
2016-06-23,5.210000038146973,47.855472564697266,30.24078369140625
2016-06-24,4.880000114440918,45.1315803527832,28.920780181884766
2016-06-27,4.71999979019165,44.64799499511719,28.159948348999023
2016-06-28,5.119999885559082,45.299354553222656,28.59078025817871
2016-06-29,5.130000114440918,46.03954315185547,29.26911735534668
2016-06-30,5.139999866485596,46.39483642578125,30.066612243652344
2016-07-01,5.070000171661377,46.049407958984375,30.020780563354492
2016-07-05,4.960000038146973,46.73038101196289,29.956613540649414
2016-07-06,5.039999961853027,47.02645492553711,30.222444534301758
2016-07-07,5.019999980926514,48.25022888183594,30.433277130126953
2016-07-08,5.099999904632568,50.18457794189453,31.166608810424805
2016-07-11,5.010000228881836,51.33927536010742,31.51494026184082
2016-07-12,5.139999866485596,52.109066009521484,32.02827835083008
2016-07-13,5.090000152587891,52.089332580566406,32.09244155883789
2016-07-14,5.170000076293945,52.62226486206055,32.26660919189453
2016-07-15,5.139999866485596,52.0103759765625,32.1474494934082
2016-07-18,5.510000228881836,52.27683639526367,32.12910842895508
2016-07-19,5.409999847412109,52.81964111328125,32.22077941894531
2016-07-20,5.409999847412109,53.5104866027832,32.71577453613281
2016-07-21,5.21999979019165,52.52357482910156,31.414104461669922
2016-07-22,5.840000152587891,53.954593658447266,31.7716121673584
2016-07-25,6.699999809265137,54.95137405395508,31.799110412597656
2016-07-26,6.980000019073486,55.888946533203125,32.165775299072266
2016-07-27,6.849999904632568,55.326412200927734,31.92744255065918
2016-07-28,6.820000171661377,55.44484329223633,31.872440338134766
2016-07-29,6.860000133514404,56.3527946472168,31.95494270324707
2016-08-01,6.639999866485596,55.987640380859375,31.945777893066406
2016-08-02,6.260000228881836,55.306663513183594,31.67994499206543
2016-08-03,6.300000190734863,55.4547004699707,31.63376235961914
2016-08-04,6.46999979019165,56.48109436035156,31.938562393188477
2016-08-05,6.610000133514404,57.43839645385742,32.30799865722656
2016-08-08,6.679999828338623,57.97134017944336,32.3634147644043
2016-08-09,6.599999904632568,58.1193733215332,32.25257873535156
2016-08-10,6.489999771118164,57.74434280395508,31.892372131347656
2016-08-11,6.579999923706055,58.91877746582031,32.03091049194336
2016-08-12,6.730000019073486,62.21506881713867,31.929311752319336
2016-08-15,6.949999809265137,62.155853271484375,32.24334716796875
2016-08-16,6.78000020980835,61.780818939208984,32.52043151855469
2016-08-17,6.679999828338623,60.34980010986328,32.344947814941406
2016-08-18,7.039999961853027,61.28736114501953,32.29875946044922
2016-08-19,7.619999885559082,61.445274353027344,32.54813766479492
2016-08-22,7.579999923706055,61.70186996459961,32.65897750854492
2016-08-23,7.670000076293945,62.20117950439453,32.695919036865234
2016-08-24,7.429999828338623,61.24211120605469,32.46501541137695
2016-08-25,7.46999979019165,60.83673095703125,32.40959930419922
2016-08-26,7.670000076293945,61.33108901977539,32.566612243652344
2016-08-29,7.590000152587891,61.29155349731445,32.83445739746094
2016-08-30,7.489999771118164,60.93560028076172,32.972991943359375
2016-08-31,7.400000095367432,60.648868560791016,33.14849090576172
2016-09-01,7.349999904632568,62.438472747802734,33.268558502197266
2016-09-02,7.510000228881836,61.825462341308594,33.323970794677734
2016-09-06,7.340000152587891,62.4088134765625,33.77654266357422
2016-09-07,6.840000152587891,61.48928451538086,33.67494201660156
2016-09-08,6.230000019073486,61.93422317504883,33.656471252441406
2016-09-09,5.900000095367432,58.84938049316406,32.73285675048828
2016-09-12,5.940000057220459,60.06551742553711,33.323970794677734
2016-09-13,5.739999771118164,59.1954345703125,32.88987731933594
2016-09-14,6.039999961853027,59.71945571899414,32.89910888671875
2016-09-15,6.019999980926514,61.98365783691406,33.767303466796875
2016-09-16,6.050000190734863,62.1319694519043,34.79252624511719
2016-09-19,6.159999847412109,62.952613830566406,34.321475982666016
2016-09-20,6.170000076293945,62.379150390625,34.303009033203125
2016-09-21,6.289999961853027,64.12920379638672,34.589324951171875
2016-09-22,6.369999885559082,64.28740692138672,34.68168258666992
2016-09-23,6.550000190734863,64.21819305419922,34.349178314208984
2016-09-26,6.320000171661377,63.61506652832031,33.850440979003906
2016-09-27,6.539999961853027,65.79026794433594,34.33994674682617
2016-09-28,6.590000152587891,66.027587890625,34.58008575439453
2016-09-29,6.670000076293945,66.64060974121094,34.46925354003906
2016-09-30,6.909999847412109,67.74797058105469,34.86640548706055
2016-10-03,6.949999809265137,67.67875671386719,34.78328323364258
2016-10-04,6.96999979019165,67.53046417236328,34.672447204589844
2016-10-05,6.78000020980835,67.46123504638672,35.08807373046875
2016-10-06,6.960000038146973,66.58126831054688,35.161964416503906
2016-10-07,6.75,66.09679412841797,35.189674377441406
2016-10-10,6.840000152587891,66.3439712524414,35.11578369140625
2016-10-11,6.5,65.3848876953125,34.423072814941406
2016-10-12,6.619999885559082,65.6815185546875,34.29376983642578
2016-10-13,6.489999771118164,64.61368560791016,34.145992279052734
2016-10-14,6.75,65.24646759033203,34.589324951171875
2016-10-17,6.670000076293945,64.8707504272461,34.4415397644043
2016-10-18,6.730000019073486,65.85950469970703,34.86640548706055
2016-10-19,6.769999980926514,65.7210693359375,32.797508239746094
2016-10-20,6.960000038146973,66.96687316894531,32.7236213684082
2016-10-21,6.519999980926514,66.77901458740234,32.46501541137695
2016-10-24,7.010000228881836,69.91328430175781,32.566612243652344
2016-10-25,7.5,71.06024932861328,32.418827056884766
2016-10-26,7.289999961853027,71.34696960449219,32.25257873535156
2016-10-27,7.110000133514404,69.88363647460938,32.15098571777344
2016-10-28,7.199999809265137,69.7649917602539,32.08633041381836
2016-10-31,7.230000019073486,70.35823059082031,32.20640182495117
2016-11-01,7.090000152587891,68.27200317382812,31.883136749267578
2016-11-02,6.760000228881836,67.98528289794922,31.95702362060547
2016-11-03,6.699999809265137,67.19428253173828,31.57547950744629
2016-11-04,6.559999942779541,66.80867004394531,31.277685165405273
2016-11-07,6.960000038146973,70.46697998046875,32.28274154663086
2016-11-08,7.0,70.35823059082031,32.32926940917969
2016-11-09,6.940000057220459,69.1717529296875,32.33857727050781
2016-11-10,6.300000190734863,67.00642395019531,32.10592269897461
2016-11-11,6.690000057220459,86.97883605957031,32.20828628540039
2016-11-14,6.789999961853027,82.6976089477539,32.08730697631836
2016-11-15,6.96999979019165,85.21888732910156,32.48747253417969
2016-11-16,7.670000076293945,90.59758758544922,32.42232894897461
2016-11-17,8.460000038146973,91.34901428222656,32.589839935302734
2016-11-18,8.710000038146973,92.30809783935547,32.52470016479492
2016-11-21,8.9399995803833,91.932373046875,32.55261993408203
2016-11-22,8.6899995803833,92.5948257446289,33.01791763305664
2016-11-23,8.800000190734863,93.0503158569336,32.757347106933594
2016-11-25,8.770000457763672,93.23847198486328,32.98069763183594
2016-11-28,8.829999923706055,93.18894958496094,33.045833587646484
2016-11-29,8.930000305175781,92.33736419677734,32.859718322753906
2016-11-30,8.90999984741211,91.29764556884766,32.292049407958984
2016-12-01,8.390000343322754,86.78227996826172,31.417268753051758
2016-12-02,8.529999732971191,87.58434295654297,31.78951644897461
2016-12-05,8.680000305175781,90.98077392578125,32.00355911254883
2016-12-06,9.449999809265137,92.47599029541016,32.3106575012207
2016-12-07,9.5600004196167,94.13955688476562,33.03652572631836
2016-12-08,10.34000015258789,92.56513214111328,33.222652435302734
2016-12-09,10.34000015258789,90.92137908935547,33.278480529785156
2016-12-12,10.680000305175781,88.71321105957031,33.473915100097656
2016-12-13,10.539999961853027,90.27772521972656,34.246315002441406
2016-12-14,10.550000190734863,95.50605773925781,34.0136604309082
2016-12-15,10.859999656677246,97.74394226074219,34.23701095581055
2016-12-16,10.65999984741211,99.42730712890625,33.790321350097656
2016-12-19,10.949999809265137,100.6353759765625,34.330074310302734
2016-12-20,11.510000228881836,104.14070892333984,34.627864837646484
2016-12-21,11.470000267028809,104.79424285888672,34.413814544677734
2016-12-22,11.600000381469727,106.06172180175781,34.3672981262207
2016-12-23,11.579999923706055,108.70560455322266,34.40452194213867
2016-12-27,12.069999694824219,116.17179870605469,34.49758529663086
2016-12-28,11.550000190734863,108.1807861328125,34.08811569213867
2016-12-29,11.59000015258789,110.33944702148438,34.11603927612305
2016-12-30,11.34000015258789,105.69534301757812,33.75310134887695
2017-01-03,11.430000305175781,101.01164245605469,34.0601921081543
2017-01-04,11.430000305175781,103.36833190917969,33.88338088989258
2017-01-05,11.239999771118164,100.74429321289062,33.82754898071289
2017-01-06,11.319999694824219,102.09098052978516,33.94852066040039
2017-01-09,11.489999771118164,106.23006439208984,34.06950378417969
2017-01-10,11.4399995803833,105.42799377441406,34.00436019897461
2017-01-11,11.199999809265137,104.13079833984375,34.38591003417969
2017-01-12,10.760000228881836,102.42765045166016,34.162567138671875
2017-01-13,10.579999923706055,102.41773986816406,34.23701095581055
2017-01-17,9.819999694824219,100.12045288085938,34.246315002441406
2017-01-18,9.880000114440918,101.94242858886719,34.2090950012207
2017-01-19,9.770000457763672,104.13079833984375,34.03227615356445
2017-01-20,9.75,102.9920654296875,34.3765983581543
2017-01-23,9.90999984741211,104.06148529052734,34.21840286254883
2017-01-24,10.4399995803833,106.27957153320312,35.00941467285156
2017-01-25,10.350000381469727,106.73506927490234,35.17692947387695
2017-01-26,10.520000457763672,108.57686614990234,34.95357894897461
2017-01-27,10.670000076293945,110.67609405517578,35.34442901611328
2017-01-30,10.609999656677246,108.94324493408203,34.82329177856445
2017-01-31,10.369999885559082,108.11146545410156,34.264930725097656
2017-02-01,12.0600004196167,112.83478546142578,33.98574447631836
2017-02-02,12.279999732971191,114.26068878173828,34.134647369384766
2017-02-03,12.239999771118164,113.26057434082031,34.22837448120117
2017-02-06,13.630000114440918,116.16188049316406,33.99406051635742
2017-02-07,13.289999961853027,117.96408081054688,34.069034576416016
2017-02-08,13.5600004196167,117.44917297363281,34.09715270996094
2017-02-09,13.420000076293945,115.24100494384766,33.23488235473633
2017-02-10,13.579999923706055,112.50801086425781,33.122413635253906
2017-02-13,13.489999771118164,107.31929779052734,33.55355453491211
2017-02-14,13.260000228881836,107.71537017822266,33.675392150878906
2017-02-15,13.300000190734863,107.93321990966797,33.78786087036133
2017-02-16,12.970000267028809,106.20036315917969,34.12527084350586
2017-02-17,13.130000114440918,106.18057250976562,34.190879821777344
2017-02-21,14.0,109.98297119140625,34.22837448120117
2017-02-22,14.279999732971191,109.81441497802734,33.80660629272461
2017-02-23,14.319999694824219,99.63208770751953,33.909706115722656
2017-02-24,14.119999885559082,100.59381103515625,34.23774719238281
2017-02-27,15.199999809265137,103.51862335205078,34.218997955322266
2017-02-28,14.460000038146973,100.61365509033203,33.92844772338867
2017-03-01,14.960000038146973,101.91246032714844,33.675392150878906
2017-03-02,13.899999618530273,98.1548080444336,33.65665054321289
2017-03-03,13.029999732971191,97.58969116210938,33.64727020263672
2017-03-06,13.039999961853027,96.83616638183594,33.337982177734375
2017-03-07,13.050000190734863,97.89704132080078,33.55355453491211
2017-03-08,13.220000267028809,97.71856689453125,33.38484191894531
2017-03-09,13.329999923706055,97.69873809814453,33.57229232788086
2017-03-10,13.90999984741211,98.27381134033203,33.65665054321289
2017-03-13,14.279999732971191,100.98048400878906,32.953704833984375
2017-03-14,14.100000381469727,100.91107940673828,32.972450256347656
2017-03-15,13.979999542236328,101.67452239990234,32.8974723815918
2017-03-16,13.649999618530273,102.92375946044922,32.93496322631836
2017-03-17,13.489999771118164,105.1644515991211,33.05680465698242
2017-03-20,14.399999618530273,108.5156021118164,33.20676803588867
2017-03-21,13.819999694824219,105.0058364868164,32.84123992919922
2017-03-22,14.100000381469727,107.14738464355469,33.15052795410156
2017-03-23,13.789999961853027,106.1757583618164,33.05680465698242
2017-03-24,13.699999809265137,106.55250549316406,32.953704833984375
2017-03-27,13.699999809265137,107.32585144042969,33.169281005859375
2017-03-28,13.6899995803833,106.77063751220703,33.36610412597656
2017-03-29,13.710000038146973,106.42361450195312,33.337982177734375
2017-03-30,14.050000190734863,108.46604919433594,33.506683349609375
2017-03-31,14.550000190734863,108.00004577636719,33.80660629272461
2017-04-03,14.640000343322754,107.45472717285156,33.890960693359375
2017-04-04,14.15999984741211,99.91961669921875,34.0034294128418
2017-04-05,14.170000076293945,99.17601013183594,33.94719314575195
2017-04-06,13.270000457763672,99.8998031616211,33.76911926269531
2017-04-07,13.520000457763672,99.47345733642578,33.76911926269531
2017-04-10,13.100000381469727,96.93531799316406,33.55355453491211
2017-04-11,13.100000381469727,97.2823257446289,33.497318267822266
2017-04-12,12.760000228881836,96.47924041748047,33.39421844482422
2017-04-13,12.3100004196167,94.67479705810547,33.03806686401367
2017-04-17,12.789999961853027,98.38286590576172,33.25362777709961
2017-04-18,12.949999809265137,98.44234466552734,33.52543258666992
2017-04-19,12.84000015258789,98.82901000976562,33.65665054321289
2017-04-20,13.109999656677246,100.3955307006836,33.909706115722656
2017-04-21,13.0,100.81192779541016,34.04092025756836
2017-04-24,13.130000114440918,102.07107543945312,34.44393539428711
2017-04-25,13.489999771118164,103.8458023071289,34.55640411376953
2017-04-26,13.40999984741211,103.13196563720703,34.612640380859375
2017-04-27,13.619999885559082,104.73811340332031,35.08126449584961
2017-04-28,13.300000190734863,103.40957641601562,33.881587982177734
2017-05-01,13.619999885559082,105.7295913696289,34.031551361083984
2017-05-02,10.319999694824219,102.59657287597656,34.65013885498047
2017-05-03,10.390000343322754,103.3599853515625,34.91734313964844
2017-05-04,10.100000381469727,102.96340942382812,34.79459762573242
2017-05-05,10.1899995803833,102.97333526611328,34.766273498535156
2017-05-08,10.039999961853027,101.89262390136719,34.501888275146484
2017-05-09,10.180000305175781,102.0611801147461,34.34137725830078
2017-05-10,10.789999961853027,120.25452423095703,34.00144958496094
2017-05-11,11.069999694824219,125.4200439453125,33.69929885864258
2017-05-12,11.260000228881836,126.79818725585938,33.548221588134766
2017-05-15,11.420000076293945,133.1634063720703,33.64264678955078
2017-05-16,12.75,135.64202880859375,33.822052001953125
2017-05-17,11.199999809265137,126.629638671875,33.08555221557617
2017-05-18,11.279999732971191,131.93399047851562,33.25551986694336
2017-05-19,11.40999984741211,134.98095703125,33.425479888916016
2017-05-22,11.039999961853027,137.85923767089844,33.774837493896484
2017-05-23,10.890000343322754,136.0032196044922,33.85981750488281
2017-05-24,10.890000343322754,137.5316925048828,34.10531234741211
2017-05-25,10.979999542236328,137.22401428222656,34.23750305175781
2017-05-26,11.0,140.7771759033203,34.23750305175781
2017-05-30,11.119999885559082,143.78448486328125,34.1619758605957
2017-05-31,11.1899995803833,143.26840209960938,34.09587097167969
2017-06-01,10.930000305175781,143.2783203125,34.10531234741211
2017-06-02,10.899999618530273,142.56370544433594,34.294166564941406
2017-06-05,11.239999771118164,146.90097045898438,34.313045501708984
2017-06-06,12.029999732971191,146.23597717285156,34.1147575378418
2017-06-07,12.380000114440918,148.0026397705078,34.23750305175781
2017-06-08,12.899999618530273,158.74159240722656,34.44523239135742
2017-06-09,12.279999732971191,148.47903442382812,33.71818542480469
2017-06-12,12.09000015258789,148.8462677001953,33.737064361572266
2017-06-13,11.960000038146973,150.2655487060547,33.87870788574219
2017-06-14,11.770000457763672,150.58316040039062,33.548221588134766
2017-06-15,11.5,151.22828674316406,33.34049606323242
2017-06-16,11.4399995803833,150.48391723632812,33.246070861816406
2017-06-19,11.930000305175781,156.14122009277344,33.52934265136719
2017-06-20,12.640000343322754,155.9129180908203,32.91559982299805
2017-06-21,13.979999542236328,158.2751007080078,32.65121078491211
2017-06-22,14.380000114440918,157.18333435058594,32.443485260009766
2017-06-23,14.170000076293945,152.6773681640625,32.282962799072266
2017-06-26,14.079999923706055,151.0099334716797,32.169654846191406
2017-06-27,13.399999618530273,145.481689453125,31.773086547851562
2017-06-28,13.229999542236328,150.61294555664062,32.29240798950195
2017-06-29,12.600000381469727,145.58090209960938,31.66922378540039
2017-06-30,12.479999542236328,143.47682189941406,31.85806655883789
2017-07-03,12.149999618530273,138.28598022460938,31.59368324279785
2017-07-05,13.1899995803833,141.97811889648438,32.42460632324219
2017-07-06,13.020000457763672,142.4049072265625,31.75420570373535
2017-07-07,13.359999656677246,145.6603240966797,31.99026107788086
2017-07-10,13.8100004196167,152.54833984375,31.773086547851562
2017-07-11,13.890000343322754,154.71200561523438,32.02802276611328
2017-07-12,14.289999961853027,161.29229736328125,32.33961486816406
2017-07-13,13.529999732971191,159.4263916015625,32.330177307128906
2017-07-14,13.920000076293945,163.7140350341797,32.74563217163086
2017-07-17,13.800000190734863,163.01927185058594,32.5473518371582
2017-07-18,13.479999542236328,164.71649169921875,32.60400390625
2017-07-19,13.550000190734863,163.8629150390625,32.63233184814453
2017-07-20,13.800000190734863,166.2449188232422,32.811729431152344
2017-07-21,13.880000114440918,166.84042358398438,32.792850494384766
2017-07-24,14.15999984741211,164.90501403808594,32.5756721496582
2017-07-25,14.109999656677246,164.1110382080078,32.7361946105957
2017-07-26,14.760000228881836,166.00672912597656,32.811729431152344
2017-07-27,14.119999885559082,160.52810668945312,33.01945877075195
2017-07-28,13.949999809265137,163.15821838378906,33.34049606323242
2017-07-31,13.609999656677246,161.29229736328125,33.491573333740234
2017-08-01,13.710000038146973,163.25747680664062,34.32248306274414
2017-08-02,13.369999885559082,163.15821838378906,34.596309661865234
2017-08-03,13.239999771118164,165.23255920410156,34.713321685791016
2017-08-04,13.119999885559082,165.9570770263672,34.532569885253906
2017-08-07,13.430000305175781,171.05859375,34.656246185302734
2017-08-08,13.109999656677246,169.02394104003906,34.6372184753418
2017-08-09,12.829999923706055,170.8203887939453,34.80845642089844
2017-08-10,12.119999885559082,163.505615234375,34.380367279052734
2017-08-11,12.229999542236328,154.79139709472656,34.12350845336914
2017-08-14,12.760000228881836,167.13816833496094,34.57062530517578
2017-08-15,13.020000457763672,165.7288055419922,34.24717712402344
2017-08-16,12.630000114440918,163.91253662109375,34.06642532348633
2017-08-17,12.34000015258789,160.26010131835938,33.45758819580078
2017-08-18,12.369999885559082,160.28985595703125,33.305381774902344
2017-08-21,12.050000190734863,157.95750427246094,33.219764709472656
2017-08-22,12.170000076293945,161.47406005859375,32.962921142578125
2017-08-23,12.479999542236328,164.70254516601562,32.9724235534668
2017-08-24,12.5,164.09658813476562,33.01998519897461
2017-08-25,12.430000305175781,162.7257080078125,32.981937408447266
2017-08-28,12.229999542236328,163.87803649902344,32.962921142578125
2017-08-29,12.149999618530273,163.6098175048828,33.03901672363281
2017-08-30,12.670000076293945,164.58334350585938,33.191226959228516
2017-08-31,13.0,168.31846618652344,33.362457275390625
2017-09-01,13.1899995803833,169.33169555664062,33.38148498535156
2017-09-05,12.920000076293945,164.81182861328125,33.31488800048828
2017-09-06,12.859999656677246,164.71249389648438,34.018856048583984
2017-09-07,12.630000114440918,165.47738647460938,33.80957794189453
2017-09-08,12.25,162.60650634765625,33.476619720458984
2017-09-11,12.550000190734863,167.88137817382812,34.02838134765625
2017-09-12,12.300000190734863,168.4873046875,34.332801818847656
2017-09-13,12.220000267028809,169.24227905273438,34.56111526489258
2017-09-14,12.260000228881836,168.27871704101562,34.70380783081055
2017-09-15,12.520000457763672,178.9178009033203,35.198486328125
2017-09-18,13.079999923706055,186.30857849121094,35.198486328125
2017-09-19,13.119999885559082,186.1099090576172,35.417293548583984
2017-09-20,13.739999771118164,184.6099090576172,35.265079498291016
2017-09-21,13.40999984741211,179.56350708007812,35.388755798339844
2017-09-22,13.300000190734863,177.81517028808594,35.369728088378906
2017-09-25,12.609999656677246,169.8681182861328,35.3507080078125
2017-09-26,12.449999809265137,170.82177734375,35.64561080932617
2017-09-27,12.739999771118164,174.56680297851562,35.71220016479492
2017-09-28,12.739999771118164,174.51715087890625,35.98808288574219
2017-09-29,12.75,177.58670043945312,36.225914001464844
2017-10-02,12.710000038146973,177.81517028808594,37.13916778564453
2017-10-03,13.420000076293945,178.18272399902344,37.46261215209961
2017-10-04,13.3100004196167,179.6727752685547,37.424560546875
2017-10-05,13.34000015258789,179.57345581054688,37.60530090332031
2017-10-06,13.229999542236328,180.0999298095703,37.700439453125
2017-10-09,13.470000267028809,184.16287231445312,37.91923904418945
2017-10-10,13.699999809265137,187.679443359375,37.71946334838867
2017-10-11,13.880000114440918,189.67611694335938,37.38650894165039
2017-10-12,14.199999809265137,189.7655029296875,37.281856536865234
2017-10-13,14.220000267028809,193.3019561767578,37.738487243652344
2017-10-16,14.260000228881836,196.619873046875,37.8241081237793
2017-10-17,14.15999984741211,196.44105529785156,37.8526496887207
2017-10-18,14.069999694824219,196.27215576171875,38.29024887084961
2017-10-19,13.949999809265137,196.49072265625,38.13804244995117
2017-10-20,13.8100004196167,195.5966796875,38.46148681640625
2017-10-23,14.100000381469727,195.31854248046875,38.842010498046875
2017-10-24,14.25,197.36489868164062,38.9561653137207
2017-10-25,12.329999923706055,192.3781280517578,38.79444885253906
2017-10-26,12.010000228881836,194.3946990966797,39.336692810058594
2017-10-27,11.84000015258789,200.5238494873047,42.238189697265625
2017-10-30,10.890000343322754,202.49075317382812,42.20964813232422
2017-10-31,10.989999771118164,205.44107055664062,43.275115966796875
2017-11-01,10.800000190734863,205.82850646972656,44.43571472167969
2017-11-02,10.850000381469727,204.5768585205078,44.80672836303711
2017-11-03,11.119999885559082,207.3086395263672,44.08373260498047
2017-11-06,11.930000305175781,208.242431640625,44.68947982788086
2017-11-07,12.050000190734863,210.6265106201172,44.76604080200195
2017-11-08,11.710000038146973,207.77554321289062,44.68947982788086
2017-11-09,11.119999885559082,203.96095275878906,44.306697845458984
2017-11-10,11.260000228881836,214.70933532714844,43.61769485473633
2017-11-13,11.09000015258789,211.2225799560547,43.78037643432617
2017-11-14,11.119999885559082,212.7623291015625,43.885643005371094
2017-11-15,11.069999694824219,208.590087890625,43.502864837646484
2017-11-16,11.25,210.20932006835938,43.684688568115234
2017-11-17,11.380000114440918,209.96095275878906,42.70859909057617
2017-11-20,11.34000015258789,212.6629638671875,42.699031829833984
2017-11-21,11.399999618530273,214.61993408203125,43.0052490234375
2017-11-22,11.369999885559082,213.6556854248047,42.72773742675781
2017-11-24,11.380000114440918,215.67364501953125,42.82343292236328
2017-11-27,11.550000190734863,212.87037658691406,42.574623107910156
2017-11-28,11.170000076293945,209.46072387695312,42.80429458618164
2017-11-29,10.829999923706055,195.25543212890625,42.05787658691406
2017-11-30,10.890000343322754,199.52001953125,42.90955352783203
2017-12-01,10.729999542236328,196.50796508789062,42.756446838378906
2017-12-04,10.029999732971191,185.55328369140625,42.574623107910156
2017-12-05,9.90999984741211,186.62689208984375,41.569828033447266
2017-12-06,10.0,188.13787841796875,41.579402923583984
2017-12-07,10.039999961853027,190.85169982910156,41.22532272338867
2017-12-08,9.9399995803833,190.35464477539062,41.48370361328125
2017-12-11,10.15999984741211,193.50587463378906,41.780357360839844
2017-12-12,9.899999618530273,189.70851135253906,41.46456527709961
2017-12-13,10.109999656677246,185.07615661621094,41.4741325378418
2017-12-14,10.130000114440918,185.36441040039062,41.397579193115234
2017-12-15,10.289999961853027,190.42425537109375,42.64160919189453
2017-12-18,10.979999542236328,196.72665405273438,44.26842498779297
2017-12-19,10.949999809265137,194.94725036621094,45.01483917236328
2017-12-20,10.979999542236328,195.63316345214844,45.51245880126953
2017-12-21,10.890000343322754,194.72854614257812,44.74689483642578
2017-12-22,10.539999961853027,194.11224365234375,44.68947982788086
2017-12-26,10.460000038146973,196.26937866210938,44.09617614746094
2017-12-27,10.529999732971191,196.0009765625,44.1248779296875
2017-12-28,10.550000190734863,196.2296142578125,44.23014831542969
2017-12-29,10.279999732971191,192.35275268554688,44.1727294921875
2018-01-02,10.979999542236328,198.16806030273438,44.83302307128906
2018-01-03,11.550000190734863,211.21026611328125,43.31147766113281
2018-01-04,12.119999885559082,212.32362365722656,42.5172119140625
2018-01-05,11.880000114440918,214.1228790283203,42.81386184692383
2018-01-08,12.279999732971191,220.6837615966797,42.81386184692383
2018-01-09,11.819999694824219,220.62411499023438,41.74208450317383
2018-01-10,11.960000038146973,222.35379028320312,40.6702995300293
2018-01-11,12.140000343322754,222.75144958496094,41.54112243652344
2018-01-12,12.020000457763672,221.65792846679688,41.378440856933594
2018-01-16,11.90999984741211,218.80499267578125,41.282745361328125
2018-01-17,12.180000305175781,223.38763427734375,42.47892761230469
2018-01-18,12.470000267028809,223.10928344726562,42.56505584716797
2018-01-19,12.59000015258789,228.74566650390625,42.89042282104492
2018-01-22,12.649999618530273,232.30445861816406,43.78037643432617
2018-01-23,12.9399995803833,237.49349975585938,44.07703399658203
2018-01-24,12.710000038146973,234.40194702148438,43.55070877075195
2018-01-25,12.40999984741211,234.94866943359375,43.349754333496094
2018-01-26,12.949999809265137,241.88731384277344,47.92396926879883
2018-01-29,13.319999694824219,245.38644409179688,47.828269958496094
2018-01-30,12.869999885559082,241.2808837890625,46.68949890136719
2018-01-31,13.739999771118164,244.3426513671875,46.06748962402344
2018-02-01,13.25,239.07408142089844,45.59858322143555
2018-02-02,12.449999809265137,232.13546752929688,44.16315841674805
2018-02-05,11.569999694824219,212.43296813964844,42.603328704833984
2018-02-06,11.649999618530273,224.24253845214844,43.26810836791992
2018-02-07,11.600000381469727,227.44342041015625,43.54750442504883
2018-02-08,11.220000267028809,216.23033142089844,41.18707275390625
2018-02-09,11.3100004196167,230.7039794921875,42.34321212768555
2018-02-12,11.680000305175781,226.67800903320312,43.191036224365234
2018-02-13,11.779999732971191,231.250732421875,42.834556579589844
2018-02-14,12.199999809265137,239.98861694335938,43.720924377441406
2018-02-15,12.1899995803833,245.03851318359375,44.24117660522461
2018-02-16,11.819999694824219,242.39427185058594,43.894344329833984
2018-02-20,12.020000457763672,247.60321044921875,44.62656021118164
2018-02-21,11.720000267028809,240.0780792236328,44.26045227050781
2018-02-22,11.84000015258789,240.86386108398438,44.125572204589844
2018-02-23,12.069999694824219,244.62380981445312,45.98500442504883
2018-02-26,12.420000076293945,245.27035522460938,47.31455993652344
2018-02-27,12.529999732971191,244.7531280517578,48.08530807495117
2018-02-28,12.109999656677246,240.7146759033203,47.487979888916016
2018-03-01,11.899999618530273,230.97669982910156,46.09098815917969
2018-03-02,11.8100004196167,235.28367614746094,47.189308166503906
2018-03-05,11.90999984741211,234.39842224121094,47.9311637878418
2018-03-06,11.760000228881836,240.87384033203125,48.856056213378906
2018-03-07,12.239999771118164,240.5555419921875,49.44375991821289
2018-03-08,11.970000267028809,239.89903259277344,48.88496780395508
2018-03-09,11.699999809265137,244.0269775390625,50.28195571899414
2018-03-12,11.520000457763672,248.43344116210938,49.636444091796875
2018-03-13,11.640000343322754,246.3943634033203,49.886940002441406
2018-03-14,11.359999656677246,247.4188690185547,49.96402359008789
2018-03-15,11.460000038146973,248.0157012939453,49.01985549926758
2018-03-16,11.470000267028809,249.14962768554688,49.29924392700195
2018-03-19,11.430000305175781,239.7200164794922,48.971675872802734
2018-03-20,11.109999656677246,248.25442504882812,49.66535568237305
2018-03-21,11.260000228881836,247.23985290527344,49.67498779296875
2018-03-22,10.90999984741211,240.5654754638672,48.971675872802734
2018-03-23,10.630000114440918,231.732666015625,47.555423736572266
2018-03-26,10.4399995803833,243.18150329589844,50.56135559082031
2018-03-27,10.0,224.3222198486328,49.318511962890625
2018-03-28,9.8100004196167,220.17437744140625,47.78664016723633
2018-03-29,10.050000190734863,230.35997009277344,50.17597961425781
2018-04-02,9.529999732971191,219.87594604492188,47.13150405883789
2018-04-03,9.550000190734863,224.15313720703125,47.9311637878418
2018-04-04,9.770000457763672,225.03839111328125,48.16238784790039
2018-04-05,10.020000457763672,220.20420837402344,48.53813171386719
2018-04-06,9.609999656677246,213.11207580566406,47.006256103515625
2018-04-09,9.529999732971191,214.2659149169922,47.73847198486328
2018-04-10,9.979999542236328,226.6995086669922,49.39559555053711
2018-04-11,9.819999694824219,225.03839111328125,49.2318000793457
2018-04-12,10.079999923706055,233.35398864746094,50.792579650878906
2018-04-13,9.930000305175781,230.27044677734375,49.96402359008789
2018-04-16,10.09000015258789,230.260498046875,50.48427200317383
2018-04-17,10.520000457763672,236.27835083007812,51.58259582519531
2018-04-18,10.359999656677246,235.11459350585938,51.65003967285156
2018-04-19,10.109999656677246,227.823486328125,50.31085968017578
2018-04-20,9.989999771118164,227.4952850341797,49.64608383178711
2018-04-23,10.039999961853027,222.69093322753906,49.2318000793457
2018-04-24,10.09000015258789,220.025146484375,49.569007873535156
2018-04-25,9.710000038146973,215.50926208496094,49.501564025878906
2018-04-26,11.039999961853027,224.0238037109375,51.11051559448242
2018-04-27,11.109999656677246,225.1279296875,50.802215576171875
2018-04-30,10.880000114440918,223.70550537109375,49.732791900634766
2018-05-01,11.130000114440918,225.93360900878906,51.38027572631836
2018-05-02,10.970000267028809,225.10801696777344,50.39756774902344
2018-05-03,10.930000305175781,231.75254821777344,50.3686637878418
2018-05-04,11.279999732971191,237.79029846191406,51.143863677978516
2018-05-07,11.59000015258789,247.35919189453125,51.676815032958984
2018-05-08,11.609999656677246,249.07005310058594,51.96751403808594
2018-05-09,11.949999809265137,254.42149353027344,52.65550231933594
2018-05-10,12.130000114440918,258.7483825683594,53.275665283203125
2018-05-11,11.949999809265137,253.1781463623047,52.975276947021484
2018-05-14,12.229999542236328,254.00372314453125,53.19814682006836
2018-05-15,12.449999809265137,244.25576782226562,52.2485237121582
2018-05-16,12.819999694824219,244.70338439941406,52.946205139160156
2018-05-17,12.819999694824219,246.3943634033203,53.11093521118164
2018-05-18,13.0,244.6337432861328,51.8415412902832
2018-05-21,12.989999771118164,242.94281005859375,52.63612747192383
2018-05-22,12.979999542236328,241.41094970703125,52.76209259033203
2018-05-23,13.100000381469727,246.37753295898438,53.49853515625
2018-05-24,13.40999984741211,246.52682495117188,53.052799224853516
2018-05-25,13.539999961853027,248.10934448242188,53.72140884399414
2018-05-29,13.359999656677246,247.422607421875,53.60512161254883
2018-05-30,13.819999694824219,251.8019561767578,53.95396423339844
2018-05-31,13.729999542236328,251.0056915283203,53.48884582519531
2018-06-01,14.399999618530273,256.4101867675781,55.310569763183594
2018-06-04,14.850000381469727,263.6062316894531,55.06831359863281
2018-06-05,14.850000381469727,263.8252258300781,54.777618408203125
2018-06-06,15.670000076293945,263.9048156738281,55.262115478515625
2018-06-07,14.890000343322754,261.6654052734375,54.147762298583984
2018-06-08,15.25,261.0483093261719,53.3434944152832
2018-06-11,15.729999542236328,259.39605712890625,52.829925537109375
2018-06-12,15.850000381469727,261.34686279296875,53.12062454223633
2018-06-13,16.31999969482422,261.1677551269531,53.32411575317383
2018-06-14,16.25,265.6565856933594,53.81830596923828
2018-06-15,16.34000015258789,264.0143127441406,53.40163040161133
2018-06-18,17.110000610351562,263.8450927734375,51.57022476196289
2018-06-19,16.690000534057617,258.9482421875,51.28921127319336
2018-06-20,16.520000457763672,261.07818603515625,51.80278396606445
2018-06-21,15.649999618530273,255.90260314941406,50.57215118408203
2018-06-22,15.800000190734863,249.77151489257812,50.87254333496094
2018-06-25,15.109999656677246,237.99705505371094,49.138031005859375
2018-06-26,15.5,240.8535919189453,48.13026809692383
2018-06-27,14.970000267028809,234.61302185058594,47.24848175048828
2018-06-28,15.3100004196167,239.72889709472656,47.723289489746094
2018-06-29,14.989999771118164,235.78749084472656,48.169029235839844
2018-07-02,15.15999984741211,241.10240173339844,48.64384460449219
2018-07-03,15.0,235.727783203125,47.93647003173828
2018-07-05,15.5,241.59010314941406,49.17679214477539
2018-07-06,16.360000610351562,246.16851806640625,49.77757263183594
2018-07-09,16.610000610351562,248.07948303222656,50.252384185791016
2018-07-10,16.549999237060547,252.06069946289062,50.5430793762207
2018-07-11,16.270000457763672,246.36756896972656,49.61284637451172
2018-07-12,16.559999465942383,250.05018615722656,50.72719192504883
2018-07-13,16.270000457763672,248.14918518066406,50.601226806640625
2018-07-16,16.579999923706055,247.034423828125,50.39773178100586
2018-07-17,16.8700008392334,252.4986572265625,50.14579391479492
2018-07-18,16.850000381469727,250.51797485351562,50.11672592163086
2018-07-19,16.709999084472656,250.84645080566406,50.3686637878418
2018-07-20,16.5,249.71180725097656,50.30083465576172
2018-07-23,16.65999984741211,248.23873901367188,50.68843460083008
2018-07-24,16.190000534057617,247.5420379638672,50.56246566772461
2018-07-25,16.049999237060547,250.68719482421875,50.804718017578125
2018-07-26,18.350000381469727,253.6432342529297,50.5430793762207
2018-07-27,18.940000534057617,250.8365020751953,46.20195770263672
2018-07-30,19.420000076293945,242.98355102539062,46.211647033691406
2018-07-31,18.329999923706055,243.71011352539062,46.608943939208984
2018-08-01,18.479999542236328,245.31256103515625,47.29692840576172
2018-08-02,18.790000915527344,249.44305419921875,47.94615936279297
2018-08-03,18.489999771118164,250.91610717773438,48.09151077270508
2018-08-06,19.43000030517578,252.83705139160156,48.06226348876953
2018-08-07,19.559999465942383,255.74334716796875,48.45222091674805
2018-08-08,19.579999923706055,257.2064514160156,48.705692291259766
2018-08-09,19.100000381469727,255.25564575195312,48.88117980957031
2018-08-10,19.059999465942383,253.5934600830078,47.623558044433594
2018-08-13,19.729999542236328,254.917236328125,47.23360824584961
2018-08-14,20.020000457763672,260.2023010253906,46.911888122558594
2018-08-15,19.700000762939453,257.86334228515625,46.26845932006836
2018-08-16,19.329999923706055,256.23101806640625,45.98573684692383
2018-08-17,19.770000457763672,243.67030334472656,45.91749572753906
2018-08-20,19.979999542236328,246.6761016845703,45.33256149291992
2018-08-21,20.399999618530273,252.13038635253906,46.424442291259766
2018-08-22,20.899999618530273,261.58575439453125,45.868751525878906
2018-08-23,22.290000915527344,265.5868835449219,45.80051040649414
2018-08-24,23.979999542236328,270.941650390625,46.463436126708984
2018-08-27,25.260000228881836,274.6043701171875,47.136112213134766
2018-08-28,25.049999237060547,273.0914611816406,47.35059356689453
2018-08-29,25.200000762939453,277.33380126953125,47.52606964111328
2018-08-30,24.889999389648438,276.6566162109375,47.02888107299805
2018-08-31,25.170000076293945,279.51470947265625,47.214107513427734
2018-09-04,28.059999465942383,282.52215576171875,46.75590896606445
2018-09-05,28.510000228881836,277.26409912109375,46.52193069458008
2018-09-06,27.84000015258789,271.5877685546875,46.073482513427734
2018-09-07,27.3799991607666,270.7312927246094,45.28382110595703
2018-09-10,29.889999389648438,273.58941650390625,45.13758087158203
2018-09-11,30.100000381469727,271.6673889160156,43.801979064941406
2018-09-12,32.209999084472656,267.0865173339844,43.801979064941406
2018-09-13,30.479999542236328,270.2135009765625,44.42591094970703
2018-09-14,32.720001220703125,275.2823486328125,44.396663665771484
2018-09-17,32.43000030517578,272.792724609375,44.27967834472656
2018-09-18,31.93000030517578,269.8948059082031,44.942604064941406
2018-09-19,31.209999084472656,270.8508605957031,44.99135208129883
2018-09-20,31.18000030517578,265.17449951171875,46.014984130859375
2018-09-21,31.020000457763672,262.35626220703125,45.488548278808594
2018-09-24,32.61000061035156,264.5968933105469,45.73226547241211
2018-09-25,32.56999969482422,267.295654296875,44.75737380981445
2018-09-26,32.189998626708984,265.81182861328125,44.55264663696289
2018-09-27,32.59000015258789,266.28985595703125,44.72813034057617
2018-09-28,30.889999389648438,279.8533020019531,46.10272979736328
2018-10-01,31.420000076293945,288.1586608886719,45.28382110595703
2018-10-02,29.020000457763672,285.2906188964844,46.89239501953125
2018-10-03,28.43000030517578,285.5395812988281,47.535823822021484
2018-10-04,27.780000686645508,278.1304931640625,46.9216423034668
2018-10-05,27.350000381469727,268.7395935058594,45.8492546081543
2018-10-08,26.459999084472656,264.6665954589844,45.8492546081543
2018-10-09,27.239999771118164,264.4375915527344,45.381309509277344
2018-10-10,25.0,244.66998291015625,43.67524337768555
2018-10-11,25.299999237060547,234.15382385253906,43.11955642700195
2018-10-12,26.34000015258789,245.51644897460938,43.75323486328125
2018-10-15,26.260000228881836,234.4027862548828,43.412017822265625
2018-10-16,28.18000030517578,244.80941772460938,44.786617279052734
2018-10-17,27.299999237060547,242.05088806152344,44.737876892089844
2018-10-18,26.6200008392334,238.5355682373047,43.84097671508789
2018-10-19,23.65999984741211,228.21856689453125,42.895328521728516
2018-10-22,25.030000686645508,230.2600555419922,43.879966735839844
2018-10-23,25.09000015258789,220.14222717285156,43.382774353027344
2018-10-24,22.790000915527344,198.5821075439453,41.35499572753906
2018-10-25,19.270000457763672,206.9770965576172,43.19754409790039
2018-10-26,17.6299991607666,197.4667510986328,44.54290008544922
2018-10-29,16.850000381469727,184.849365234375,44.26017761230469
2018-10-30,17.200000762939453,202.15721130371094,46.56092834472656
2018-10-31,18.209999084472656,209.9547119140625,45.70302200317383
2018-11-01,20.219999313354492,217.2044677734375,47.00938034057617
2018-11-02,20.229999542236328,214.0277099609375,45.92724609375
2018-11-05,19.899999618530273,210.89080810546875,46.765655517578125
2018-11-06,20.68000030517578,210.1837615966797,46.35362243652344
2018-11-07,21.84000015258789,212.90240478515625,47.79573440551758
2018-11-08,21.200000762939453,205.13479614257812,48.06061553955078
2018-11-09,21.030000686645508,204.81613159179688,47.19730758666992
2018-11-12,19.030000686645508,188.7530975341797,45.76500701904297
2018-11-13,19.610000610351562,198.4825439453125,46.490966796875
2018-11-14,20.809999465942383,196.371337890625,46.19666290283203
2018-11-15,21.489999771118164,201.54974365234375,47.19730758666992
2018-11-16,20.65999984741211,163.74732971191406,47.90365219116211
2018-11-19,19.110000610351562,144.09925842285156,47.089393615722656
2018-11-20,19.209999084472656,148.46107482910156,46.490966796875
2018-11-21,18.729999542236328,144.1092071533203,46.137794494628906
2018-11-23,19.3799991607666,144.39801025390625,45.6570930480957
2018-11-26,20.079999923706055,152.41456604003906,46.54983139038086
2018-11-27,21.049999237060547,153.09176635742188,47.15806579589844
2018-11-28,21.34000015258789,159.40545654296875,47.933082580566406
2018-11-29,21.43000030517578,156.86349487304688,46.79508590698242
2018-11-30,21.299999237060547,162.91433715820312,48.37454605102539
2018-12-03,23.709999084472656,169.50347900390625,49.17898941040039
2018-12-04,21.1200008392334,156.61427307128906,46.84413528442383
2018-12-06,21.299999237060547,157.79055786132812,47.45237350463867
2018-12-07,19.459999084472656,147.14425659179688,45.36278533935547
2018-12-10,19.989999771118164,151.38084411621094,46.31438446044922
2018-12-11,19.979999542236328,147.72242736816406,46.48115921020508
2018-12-12,20.479999542236328,148.43017578125,46.92262268066406
2018-12-13,19.860000610351562,148.4202117919922,47.373897552490234
2018-12-14,19.899999618530273,145.98789978027344,46.95205307006836
2018-12-17,18.829999923706055,143.12696838378906,46.18684768676758
2018-12-18,19.5,146.47637939453125,46.83433151245117
2018-12-19,18.15999984741211,138.07296752929688,44.70549774169922
2018-12-20,17.940000534057617,134.67372131347656,44.67606735229492
2018-12-21,16.93000030517578,129.16119384765625,43.989341735839844
2018-12-24,16.649999618530273,126.67903137207031,42.763057708740234
2018-12-26,17.899999618530273,132.6800537109375,45.3137321472168
2018-12-27,17.489999771118164,130.75611877441406,45.480506896972656
2018-12-28,17.81999969482422,133.22830200195312,45.86310577392578
2018-12-31,18.459999084472656,133.0787811279297,46.039695739746094
2019-01-02,18.829999923706055,135.79019165039062,46.18684768676758
2019-01-03,17.049999237060547,127.58615112304688,43.64598083496094
2019-01-04,19.0,135.76028442382812,46.324195861816406
2019-01-07,20.56999969482422,142.94752502441406,46.540016174316406
2019-01-08,20.75,139.3887939453125,46.83433151245117
2019-01-09,20.190000534057617,142.13014221191406,47.099205017089844
2019-01-10,19.739999771118164,144.77175903320312,47.638771057128906
2019-01-11,20.270000457763672,148.3603973388672,48.00175476074219
2019-01-14,20.229999542236328,149.96531677246094,47.4327507019043
2019-01-15,20.3799991607666,149.39710998535156,47.678009033203125
2019-01-16,19.729999542236328,148.37037658691406,47.2169303894043
2019-01-17,20.25,151.24130249023438,47.55047607421875
2019-01-18,20.770000457763672,156.43484497070312,48.25682067871094
2019-01-22,19.760000228881836,148.30059814453125,47.354270935058594
2019-01-23,19.799999237060547,148.81893920898438,47.03053283691406
2019-01-24,20.850000381469727,157.3419647216797,48.81600570678711
2019-01-25,21.93000030517578,159.64468383789062,46.147605895996094
2019-01-28,20.18000030517578,137.5745391845703,45.82386779785156
2019-01-29,19.25,131.18478393554688,45.6570930480957
2019-01-30,23.09000015258789,136.9564971923828,46.63812255859375
2019-01-31,24.40999984741211,143.2964324951172,46.22608947753906
2019-02-01,24.510000228881836,144.27334594726562,47.805545806884766
2019-02-04,24.1299991607666,148.70928955078125,48.286251068115234
2019-02-05,23.309999465942383,149.47686767578125,49.06126403808594
2019-02-06,23.260000228881836,152.51724243164062,49.263648986816406
2019-02-07,22.670000076293945,146.95486450195312,48.60219192504883
2019-02-08,23.049999237060547,147.70248413085938,48.217166900634766
2019-02-11,22.959999084472656,145.98789978027344,48.1480598449707
2019-02-12,22.81999969482422,150.69302368164062,49.37224197387695
2019-02-13,22.850000381469727,152.39764404296875,49.826377868652344
2019-02-14,23.1299991607666,154.04241943359375,50.162044525146484
2019-02-15,23.68000030517578,156.8435516357422,51.00120162963867
2019-02-19,23.950000762939453,156.145751953125,50.7445182800293
2019-02-20,23.950000762939453,158.0497283935547,50.73464584350586
2019-02-21,23.920000076293945,155.2785186767578,50.754390716552734
2019-02-22,24.360000610351562,158.68771362304688,51.820621490478516
2019-02-25,24.709999084472656,158.18930053710938,52.4228401184082
2019-02-26,24.209999084472656,156.6043243408203,52.55118179321289
2019-02-27,23.479999542236328,154.91964721679688,52.561058044433594
2019-02-28,23.530000686645508,153.93174743652344,52.28462600708008
2019-03-01,23.68000030517578,156.11708068847656,52.62028884887695
2019-03-04,23.3700008392334,156.44639587402344,53.25212860107422
2019-03-05,23.5,156.18695068359375,52.995445251464844
2019-03-06,22.40999984741211,151.72645568847656,52.27475357055664
2019-03-07,22.079999923706055,148.9423828125,51.92921447753906
2019-03-08,22.010000228881836,150.31944274902344,51.81074905395508
2019-03-11,22.959999084472656,160.797119140625,52.66965103149414
2019-03-12,23.489999771118164,162.17417907714844,52.886844635009766
2019-03-13,23.3799991607666,168.2611846923828,53.67664337158203
2019-03-14,22.81999969482422,165.2077178955078,52.75850296020508
2019-03-15,23.290000915527344,169.4486541748047,53.63715362548828
2019-03-18,23.25,168.59048461914062,53.41008758544922
2019-03-19,26.0,175.3361053466797,53.47919464111328
2019-03-20,25.700000762939453,174.0288848876953,53.13365936279297
2019-03-21,27.889999389648438,183.54859924316406,53.943199157714844
2019-03-22,26.3700008392334,177.12229919433594,52.58079528808594
2019-03-25,25.969999313354492,173.4102020263672,52.10691833496094
2019-03-26,25.690000534057617,176.49362182617188,52.75850296020508
2019-03-27,24.889999389648438,176.12442016601562,52.48207473754883
2019-03-28,25.059999465942383,176.87283325195312,52.43271255493164
2019-03-29,25.520000457763672,179.17791748046875,53.01519012451172
2019-04-01,26.360000610351562,181.89212036132812,53.814857482910156
2019-04-02,26.75,182.610595703125,53.66677474975586
2019-04-03,29.020000457763672,188.21864318847656,54.772491455078125
2019-04-04,29.09000015258789,187.85939025878906,55.20687484741211
2019-04-05,28.979999542236328,190.54367065429688,54.89095687866211
2019-04-08,28.530000686645508,191.38189697265625,54.969940185546875
2019-04-09,27.239999771118164,188.85726928710938,54.61452865600586
2019-04-10,27.829999923706055,191.6912384033203,55.03904724121094
2019-04-11,27.790000915527344,191.13241577148438,55.088409423828125
2019-04-12,27.850000381469727,189.60568237304688,55.70050048828125
2019-04-15,27.329999923706055,184.30697631835938,55.562286376953125
2019-04-16,27.93000030517578,187.80950927734375,55.98680114746094
2019-04-17,27.489999771118164,186.89146423339844,57.81321334838867
2019-04-18,27.68000030517578,185.90357971191406,57.74410629272461
2019-04-22,28.18000030517578,188.06895446777344,58.06989669799805
2019-04-23,27.969999313354492,190.26426696777344,58.03040313720703
2019-04-24,28.459999084472656,190.76321411132812,57.971168518066406
2019-04-25,27.65999984741211,186.51226806640625,56.875328063964844
2019-04-26,27.8799991607666,177.71102905273438,51.76138687133789
2019-04-29,27.690000534057617,178.9484100341797,50.45821762084961
2019-04-30,27.6299991607666,180.61485290527344,50.38911056518555
2019-05-01,26.809999465942383,180.0859832763672,50.1126823425293
2019-05-02,28.290000915527344,182.80018615722656,49.90536117553711
2019-05-03,28.219999313354492,182.62057495117188,51.090057373046875
2019-05-06,27.420000076293945,179.46730041503906,50.87649917602539
2019-05-07,26.65999984741211,172.74163818359375,50.14146041870117
2019-05-08,27.09000015258789,173.54991149902344,48.9097785949707
2019-05-09,27.209999084472656,169.82786560058594,46.30734634399414
2019-05-10,27.959999084472656,168.4607696533203,45.89016342163086
2019-05-13,26.239999771118164,158.1128387451172,44.45981979370117
2019-05-14,27.31999969482422,161.6951904296875,44.867069244384766
2019-05-15,27.579999923706055,159.2404327392578,45.31405258178711
2019-05-16,28.010000228881836,159.84913635253906,45.22465515136719
2019-05-17,27.5,156.19691467285156,44.58894729614258
2019-05-20,26.68000030517578,151.42709350585938,43.26786804199219
2019-05-21,27.350000381469727,154.73004150390625,44.16183090209961
2019-05-22,27.40999984741211,151.87612915039062,43.704917907714844
2019-05-23,26.360000610351562,147.0065155029297,44.231361389160156
2019-05-24,26.440000534057617,144.8411407470703,44.271095275878906
2019-05-28,29.049999237060547,143.0250244140625,43.277801513671875
2019-05-29,28.09000015258789,140.04136657714844,43.93337631225586
2019-05-30,28.030000686645508,138.97242736816406,44.430023193359375
2019-05-31,27.40999984741211,135.3260498046875,43.744651794433594
2019-06-03,27.579999923706055,133.647705078125,43.16853713989258
2019-06-04,29.56999969482422,142.85858154296875,44.489620208740234
2019-06-05,29.5,141.14028930664062,44.25122833251953
2019-06-06,31.81999969482422,143.6378173828125,44.79753875732422
2019-06-07,32.40999984741211,145.35610961914062,45.7213020324707
2019-06-10,33.22999954223633,148.283203125,46.48613739013672
2019-06-11,32.40999984741211,150.60092163085938,46.535804748535156
2019-06-12,32.18000030517578,146.055419921875,46.00935745239258
2019-06-13,31.389999389648438,148.11337280273438,46.386810302734375
2019-06-14,30.360000610351562,144.49696350097656,45.88022994995117
2019-06-17,29.200000762939453,144.88658142089844,45.82063293457031
2019-06-18,30.450000762939453,152.72882080078125,47.05231475830078
2019-06-19,30.5,152.9685821533203,46.754329681396484
2019-06-20,30.010000228881836,153.94761657714844,46.8735237121582
2019-06-21,29.100000381469727,151.60992431640625,47.1417121887207
2019-06-24,29.260000228881836,152.509033203125,47.31057357788086
2019-06-25,28.860000610351562,151.3302001953125,46.535804748535156
2019-06-26,29.920000076293945,159.10250854492188,47.866817474365234
2019-06-27,30.739999771118164,163.06857299804688,47.1417121887207
2019-06-28,30.3700008392334,164.0675811767578,47.5489616394043
2019-07-01,31.200000762939453,166.00567626953125,47.72775650024414
2019-07-02,31.239999771118164,162.06956481933594,47.79728698730469
2019-07-03,31.190000534057617,162.58905029296875,48.19460678100586
2019-07-05,31.5,160.07154846191406,47.7575569152832
2019-07-08,32.040000915527344,157.05453491210938,47.499298095703125
2019-07-09,33.150001525878906,157.15443420410156,47.42976760864258
2019-07-10,33.790000915527344,159.90171813964844,47.88668441772461
2019-07-11,33.060001373291016,166.11557006835938,48.27406692504883
2019-07-12,33.209999084472656,167.44424438476562,49.58521270751953
2019-07-15,34.38999938964844,167.10458374023438,49.78387451171875
2019-07-16,33.849998474121094,166.91477966308594,48.84024429321289
2019-07-17,33.599998474121094,169.54217529296875,49.05876922607422
2019-07-18,33.0,170.01170349121094,49.605079650878906
2019-07-19,32.5099983215332,168.2734375,49.93286895751953
2019-07-22,32.849998474121094,171.1505889892578,51.00562286376953
2019-07-23,33.4900016784668,175.48629760742188,51.4029426574707
2019-07-24,34.11000061035156,178.4833221435547,52.565093994140625
2019-07-25,33.66999816894531,173.2085418701172,51.8101921081543
2019-07-26,34.02000045776367,174.89688110351562,51.244014739990234
2019-07-29,33.47999954223633,174.64712524414062,52.15784454345703
2019-07-30,33.869998931884766,175.2764892578125,51.35327911376953
2019-07-31,30.450000762939453,168.5531463623047,50.21099090576172
2019-08-01,29.860000610351562,164.7569122314453,49.168033599853516
2019-08-02,29.440000534057617,161.03060913085938,48.35353088378906
2019-08-05,27.989999771118164,150.64088439941406,46.65500259399414
2019-08-06,28.860000610351562,152.1993408203125,46.959999084472656
2019-08-07,29.190000534057617,153.73782348632812,46.72999954223633
2019-08-08,33.91999816894531,158.10348510742188,47.16999816894531
2019-08-09,34.189998626708984,154.02752685546875,45.97999954223633
2019-08-12,32.43000030517578,151.30023193359375,45.599998474121094
2019-08-13,32.11000061035156,155.89569091796875,46.84000015258789
2019-08-14,30.239999771118164,149.92160034179688,45.869998931884766
2019-08-15,29.670000076293945,148.6228790283203,45.70000076293945
2019-08-16,31.18000030517578,159.40220642089844,46.5
2019-08-19,31.479999542236328,170.61111450195312,47.22999954223633
2019-08-20,30.719999313354492,167.70399475097656,46.599998474121094
2019-08-21,31.700000762939453,171.0606689453125,47.150001525878906
2019-08-22,31.899999618530273,171.3104248046875,46.779998779296875
2019-08-23,29.540000915527344,162.27935791015625,44.959999084472656
2019-08-26,30.280000686645508,165.286376953125,45.560001373291016
2019-08-27,30.200000762939453,161.63999938964844,45.790000915527344
2019-08-28,30.780000686645508,161.22000122070312,45.790000915527344
2019-08-29,31.450000762939453,167.0,46.869998931884766
2019-08-30,31.450000762939453,167.50999450683594,47.40999984741211
2019-09-03,30.899999618530273,164.1699981689453,46.97999954223633
2019-09-04,30.950000762939453,168.75999450683594,48.91999816894531
2019-09-05,31.5,179.74000549316406,50.099998474121094
2019-09-06,30.559999465942383,178.64999389648438,50.91999816894531
2019-09-09,30.5,180.5,51.59000015258789
2019-09-10,30.229999542236328,183.17999267578125,51.81999969482422
2019-09-11,29.760000228881836,184.3300018310547,52.790000915527344
2019-09-12,30.209999084472656,184.27000427246094,53.0099983215332
2019-09-13,30.690000534057617,181.94000244140625,52.540000915527344
2019-09-16,30.829999923706055,180.2100067138672,52.20000076293945
2019-09-17,30.989999771118164,181.07000732421875,51.95000076293945
2019-09-18,30.420000076293945,179.97999572753906,51.7400016784668
2019-09-19,30.290000915527344,176.94000244140625,51.56999969482422
